energy_w2,eq_w2,adjoint_loss,_step,_runtime,adjoint_buffer_size,dist_w2,_timestamp
167.98292786848722,2.1130733489990234,1850.2528076171875,0,83.866522697,512,1.4689698645555787,1788764457.0863698
,,1666.0753173828125,1,85.646420083,1024,,1788764458.690287
,,1103.0313720703125,2,87.213913491,1536,,1788764460.4702015
,,826.3610229492188,3,88.777872865,2048,,1788764462.0377119
,,668.8067016601562,4,90.33983248,2560,,1788764463.6016474
,,560.9869384765625,5,91.904225249,3072,,1788764465.1636477
,,482.0531005859375,6,93.469263431,3584,,1788764466.7280138
,,427.0854187011719,7,95.160854236,4096,,1788764468.2930646
,,382.09210205078125,8,96.723472121,4608,,1788764469.9846659
,,342.3139343261719,9,98.279997768,5120,,1788764471.547268
,,315.2445373535156,10,99.841651341,5632,,1788764473.103801
,,288.8729248046875,11,101.404444381,6144,,1788764474.665355
,,269.6670227050781,12,102.966238042,6656,,1788764476.2282534
,,252.07974243164062,13,104.528266576,7168,,1788764477.7900372
,,235.95068359375,14,106.088352617,7680,,1788764479.3520563
,,224.36029052734375,15,107.643110608,8192,,1788764480.9122455
,,211.6488037109375,16,109.195835494,8704,,1788764482.4669883
,,202.7001190185547,17,110.914947373,9216,,1788764484.0197146
,,189.64801025390625,18,112.471308112,9728,,1788764485.738815
,,149.3932647705078,19,114.027355523,10000,,1788764487.2950847
,,62.174652099609375,20,115.582905299,10000,,1788764488.8512208
,,23.77547836303711,21,117.138720977,10000,,1788764490.406796
,,24.71566390991211,22,118.691415551,10000,,1788764491.9626071
,,25.836198806762695,23,120.404481873,10000,,1788764493.5153155
,,25.945165634155273,24,121.957858411,10000,,1788764495.228413
,,26.47124671936035,25,123.515555263,10000,,1788764496.78174
,,26.804176330566406,26,125.073701919,10000,,1788764498.3394203
,,28.39105796813965,27,126.633716006,10000,,1788764499.8975928
,,28.736671447753906,28,128.191468728,10000,,1788764501.457613
,,28.770774841308594,29,129.752089891,10000,,1788764503.0153465
,,29.110109329223633,30,131.308383195,10000,,1788764504.575986
,,29.44393539428711,31,132.865044919,10000,,1788764506.1322763
,,29.299880981445312,32,134.422813553,10000,,1788764507.688822
,,29.562732696533203,33,135.982285004,10000,,1788764509.2467003
,,29.715288162231445,34,137.708481358,10000,,1788764510.8061912
,,29.640968322753906,35,139.267115977,10000,,1788764512.5323203
,,29.852336883544922,36,140.821903016,10000,,1788764514.090963
,,29.839597702026367,37,142.375526638,10000,,1788764515.6457946
,,29.775175094604492,38,143.929467611,10000,,1788764517.1994345
,,28.821008682250977,39,145.626714577,10000,,1788764518.7533612
,,28.533607482910156,40,147.178725687,10000,,1788764520.4505286
,,27.859542846679688,41,148.735967393,10000,,1788764522.0025773
,,27.540760040283203,42,150.293515357,10000,,1788764523.5598419
,,27.128564834594727,43,151.849851212,10000,,1788764525.1174493
,,26.297870635986328,44,153.406081029,10000,,1788764526.6737325
,,26.161949157714844,45,154.964921331,10000,,1788764528.229959
,,25.43933868408203,46,156.524417085,10000,,1788764529.7888231
,,24.485048294067383,47,158.081838164,10000,,1788764531.3482869
,,24.488170623779297,48,159.652882204,10000,,1788764532.9057326
,,24.978185653686523,49,161.215943454,10000,,1788764534.4767458
,,25.210275650024414,50,162.919857777,10000,,1788764536.0397985
,,24.790233612060547,51,164.477624872,10000,,1788764537.743733
,,25.655405044555664,52,166.038446637,10000,,1788764539.3015096
,,25.257551193237305,53,167.602592219,10000,,1788764540.8623466
,,25.073942184448242,54,169.165007259,10000,,1788764542.4264073
,,24.606042861938477,55,170.727206795,10000,,1788764543.9888957
,,24.482297897338867,56,172.448798992,10000,,1788764545.5510747
,,24.69827651977539,57,174.007022453,10000,,1788764547.272579
,,24.952295303344727,58,175.566924941,10000,,1788764548.830907
,,25.064062118530273,59,177.125905701,10000,,1788764550.390817
,,24.8247013092041,60,178.68358815,10000,,1788764551.9498024
,,25.585241317749023,61,180.241463737,10000,,1788764553.5074625
,,26.2401180267334,62,181.797508936,10000,,1788764555.06539
,,25.882484436035156,63,183.356853911,10000,,1788764556.6213868
,,26.128053665161133,64,184.910647719,10000,,1788764558.1807504
,,26.119426727294922,65,186.467246438,10000,,1788764559.7345428
,,25.897764205932617,66,188.026506454,10000,,1788764561.2911086
,,26.5003719329834,67,189.74367015,10000,,1788764562.8504143
,,26.189224243164062,68,191.311717797,10000,,1788764564.5675566
,,26.231897354125977,69,192.880381826,10000,,1788764566.1356096
,,27.07115936279297,70,194.442621548,10000,,1788764567.7042704
,,26.59799575805664,71,196.010186054,10000,,1788764569.2665133
,,26.592206954956055,72,197.72796694,10000,,1788764570.8340614
,,27.392227172851562,73,199.284955618,10000,,1788764572.5518105
,,27.287141799926758,74,200.84274726,10000,,1788764574.1088295
,,27.368425369262695,75,202.394551017,10000,,1788764575.6666248
,,27.176837921142578,76,203.948457026,10000,,1788764577.218456
,,27.66126251220703,77,205.504146716,10000,,1788764578.7723348
,,27.571943283081055,78,207.06096618,10000,,1788764580.3280106
,,27.3345947265625,79,208.615159241,10000,,1788764581.884856
,,27.239788055419922,80,210.171984288,10000,,1788764583.4390404
,,26.260831832885742,81,211.737070792,10000,,1788764584.99584
,,26.794639587402344,82,213.295416135,10000,,1788764586.5609055
,,26.557483673095703,83,214.983251106,10000,,1788764588.1192813
,,26.87798500061035,84,216.54892486,10000,,1788764589.8071072
,,26.866525650024414,85,218.115077507,10000,,1788764591.372817
,,26.717302322387695,86,219.677745247,10000,,1788764592.938965
,,26.838045120239258,87,221.236844953,10000,,1788764594.5016317
,,26.892900466918945,88,222.799041862,10000,,1788764596.0607312
,,26.244810104370117,89,224.492867136,10000,,1788764597.622926
,,26.22018051147461,90,226.056216082,10000,,1788764599.3167386
,,26.275344848632812,91,227.624683115,10000,,1788764600.8801088
,,26.34402847290039,92,229.19174146,10000,,1788764602.4485195
,,26.085067749023438,93,230.752858124,10000,,1788764604.015639
,,25.861478805541992,94,232.314023937,10000,,1788764605.5767386
,,25.96799087524414,95,233.872564849,10000,,1788764607.1377943
,,26.158044815063477,96,235.434837302,10000,,1788764608.6963737
,,26.441946029663086,97,237.001570052,10000,,1788764610.2586691
,,26.022998809814453,98,238.571403649,10000,,1788764611.825444
,,26.381908416748047,99,240.293578576,10000,,1788764613.3952909
,,26.146469116210938,100,241.862048901,10000,,1788764615.1175177
,,26.577377319335938,101,243.426939763,10000,,1788764616.6859138
,,26.331951141357422,102,244.984197014,10000,,1788764618.2508245
,,26.505590438842773,103,246.542515748,10000,,1788764619.808074
,,26.24089813232422,104,248.100908484,10000,,1788764621.3663452
,,26.229761123657227,105,249.801544383,10000,,1788764622.9247704
,,25.879674911499023,106,251.361617489,10000,,1788764624.62542
,,25.771127700805664,107,252.920033349,10000,,1788764626.185503
,,26.09430503845215,108,254.478190248,10000,,1788764627.743917
,,25.61066436767578,109,256.036120481,10000,,1788764629.302051
,,25.789287567138672,110,257.594221536,10000,,1788764630.8600073
,,25.753870010375977,111,259.154150033,10000,,1788764632.4180858
,,26.087499618530273,112,260.710909818,10000,,1788764633.978011
,,25.728744506835938,113,262.270190075,10000,,1788764635.5348003
,,26.115468978881836,114,263.829903788,10000,,1788764637.0940175
,,25.00251007080078,115,265.391021563,10000,,1788764638.6537702
,,25.184955596923828,116,267.107904686,10000,,1788764640.2147934
,,25.12053680419922,117,268.668963875,10000,,1788764641.9317544
,,25.749692916870117,118,270.231775802,10000,,1788764643.492835
,,25.355262756347656,119,271.794356807,10000,,1788764645.055639
,,25.330432891845703,120,273.358449547,10000,,1788764646.6182313
,,25.231325149536133,121,275.070990097,10000,,1788764648.1823313
,,25.706323623657227,122,276.632724925,10000,,1788764649.8948433
,,25.930845260620117,123,278.195130147,10000,,1788764651.4565954
,,25.686569213867188,124,279.756972941,10000,,1788764653.018985
,,26.214719772338867,125,281.316765847,10000,,1788764654.5808594
,,26.676101684570312,126,282.875461374,10000,,1788764656.1406434
,,26.488245010375977,127,284.431484214,10000,,1788764657.6993573
,,27.194543838500977,128,285.989404533,10000,,1788764659.2553852
,,27.605703353881836,129,287.551229984,10000,,1788764660.813277
,,27.566335678100586,130,289.110819827,10000,,1788764662.37511
,,27.795198440551758,131,290.66939609,10000,,1788764663.9347174
,,27.698530197143555,132,292.368678003,10000,,1788764665.4932666
,,27.441997528076172,133,293.931207551,10000,,1788764667.1925519
,,27.30852699279785,134,295.494732958,10000,,1788764668.7549996
,,27.77326202392578,135,297.058313494,10000,,1788764670.3186102
,,27.736970901489258,136,298.623056628,10000,,1788764671.8821828
,,27.66396713256836,137,300.184567461,10000,,1788764673.4469154
,,27.7852840423584,138,301.880649549,10000,,1788764675.0084007
,,28.03812026977539,139,303.446576977,10000,,1788764676.7045252
,,27.839380264282227,140,305.010907608,10000,,1788764678.2704716
,,27.50689125061035,141,306.57414437,10000,,1788764679.8348038
,,26.289953231811523,142,308.135166278,10000,,1788764681.3980424
,,26.419496536254883,143,309.692921135,10000,,1788764682.95906
,,26.314918518066406,144,311.252385577,10000,,1788764684.5167997
,,25.767101287841797,145,312.817178737,10000,,1788764686.0762725
,,25.70480728149414,146,314.375443792,10000,,1788764687.6410272
,,25.849708557128906,147,315.932250834,10000,,1788764689.1993103
,,25.536489486694336,148,317.628314693,10000,,1788764690.756166
,,24.75818634033203,149,319.184674188,10000,,1788764692.4522026
,,24.919689178466797,150,320.742271247,10000,,1788764694.0085187
,,24.528236389160156,151,322.30052167,10000,,1788764695.5661335
,,24.858753204345703,152,323.861242075,10000,,1788764697.1244009
,,24.510459899902344,153,325.424765347,10000,,1788764698.6851208
,,25.345918655395508,154,327.115875335,10000,,1788764700.2486522
,,24.78255844116211,155,328.676970259,10000,,1788764701.9397628
,,24.900419235229492,156,330.237769298,10000,,1788764703.5008776
,,24.91983413696289,157,331.796074547,10000,,1788764705.061678
,,25.264297485351562,158,333.351735763,10000,,1788764706.6199234
,,25.794322967529297,159,334.911220427,10000,,1788764708.1756117
,,25.904268264770508,160,336.468756008,10000,,1788764709.735101
,,26.482891082763672,161,338.02845523,10000,,1788764711.292639
,,27.299976348876953,162,339.58895412,10000,,1788764712.852347
,,26.792991638183594,163,341.147413614,10000,,1788764714.4128015
,,26.71100425720215,164,342.702981523,10000,,1788764715.9713051
,,27.395593643188477,165,344.398653751,10000,,1788764717.5268664
,,26.917339324951172,166,345.956894544,10000,,1788764719.2225423
,,27.346874237060547,167,347.515475992,10000,,1788764720.7807717
,,27.730731964111328,168,349.0733498,10000,,1788764722.3393106
,,27.612001419067383,169,350.632820882,10000,,1788764723.897242
,,27.454256057739258,170,352.195329313,10000,,1788764725.456704
,,27.4074764251709,171,353.896193421,10000,,1788764727.0192163
,,27.403297424316406,172,355.456849448,10000,,1788764728.7200422
,,27.198623657226562,173,357.017115369,10000,,1788764730.280719
,,27.051132202148438,174,358.575461136,10000,,1788764731.8410008
,,27.28087615966797,175,360.133195279,10000,,1788764733.3993595
,,27.803882598876953,176,361.6907074,10000,,1788764734.9570956
,,27.955707550048828,177,363.245321009,10000,,1788764736.514592
,,27.570669174194336,178,364.802986535,10000,,1788764738.0692039
,,28.120553970336914,179,366.360614336,10000,,1788764739.6268792
,,27.95584487915039,180,367.91945236,10000,,1788764741.1845038
,,27.106361389160156,181,369.617895091,10000,,1788764742.7433226
,,26.66085433959961,182,371.178448283,10000,,1788764744.4417958
,,27.00286102294922,183,372.739632687,10000,,1788764746.0023499
,,26.124404907226562,184,374.303532795,10000,,1788764747.5635262
,,25.851957321166992,185,375.863191444,10000,,1788764749.1274276
,,25.348865509033203,186,377.418637824,10000,,1788764750.687077
,,25.92389488220215,187,379.112036739,10000,,1788764752.2425172
,,26.10153579711914,188,380.668378523,10000,,1788764753.9358673
,,25.921979904174805,189,382.22369635,10000,,1788764755.4922197
,,26.43791961669922,190,383.777866223,10000,,1788764757.0475957
,,26.47823715209961,191,385.334599283,10000,,1788764758.6017606
,,26.621994018554688,192,386.894051299,10000,,1788764760.1584735
,,26.672260284423828,193,388.450377247,10000,,1788764761.7179294
,,25.988691329956055,194,390.007238041,10000,,1788764763.2742708
,,26.168601989746094,195,391.566194452,10000,,1788764764.8311398
,,25.937803268432617,196,393.126171036,10000,,1788764766.3900654
,,26.311723709106445,197,394.683719695,10000,,1788764767.9500444
,,25.745832443237305,198,396.388001932,10000,,1788764769.5075755
,,26.007055282592773,199,397.949273714,10000,,1788764771.2118592
4.479244727252757,1.2749454975128174,26.226858139038086,200,478.429343725,10000,0.35089219999608184,1788764851.6486692
,,26.007949829101562,201,479.986573603,10000,,1788764853.2532096
,,25.932945251464844,202,481.688770806,10000,,1788764854.8104558
,,26.096242904663086,203,483.239846362,10000,,1788764856.5126715
,,26.48293685913086,204,484.821221672,10000,,1788764858.0637226
,,26.483074188232422,205,486.374131607,10000,,1788764859.6451063
,,26.645776748657227,206,487.926663508,10000,,1788764861.1980112
,,26.729127883911133,207,489.485794887,10000,,1788764862.7505434
,,26.7163143157959,208,491.042112459,10000,,1788764864.3096857
,,26.90005111694336,209,492.59929965,10000,,1788764865.866018
,,26.611228942871094,210,494.158567812,10000,,1788764867.4232073
,,26.35171890258789,211,495.715497288,10000,,1788764868.982447
,,26.891202926635742,212,497.278116438,10000,,1788764870.539392
,,27.125085830688477,213,498.996851968,10000,,1788764872.1018639
,,26.58466148376465,214,500.55735024,10000,,1788764873.820704
,,26.358314514160156,215,502.114566187,10000,,1788764875.3812168
,,26.750802993774414,216,503.668864955,10000,,1788764876.9384606
,,26.4808292388916,217,505.225684726,10000,,1788764878.4927263
,,26.148740768432617,218,506.788439853,10000,,1788764880.0495427
,,26.6060848236084,219,508.495805884,10000,,1788764881.612295
,,26.12997055053711,220,510.054978819,10000,,1788764883.3196747
,,26.450796127319336,221,511.615935691,10000,,1788764884.8788486
,,26.6260986328125,222,513.174468498,10000,,1788764886.439814
,,26.31090545654297,223,514.729284351,10000,,1788764887.9983218
,,26.446134567260742,224,516.286627787,10000,,1788764889.553152
,,26.434213638305664,225,517.844617089,10000,,1788764891.1104944
,,25.932371139526367,226,519.402386319,10000,,1788764892.6685157
,,25.56220054626465,227,520.960379649,10000,,1788764894.2262774
,,25.07782554626465,228,522.5174754,10000,,1788764895.7842603
,,24.989965438842773,229,524.215875714,10000,,1788764897.341355
,,25.06285858154297,230,525.777739441,10000,,1788764899.0397675
,,25.523344039916992,231,527.341620643,10000,,1788764900.601656
,,24.952577590942383,232,528.898317416,10000,,1788764902.1655238
,,25.754072189331055,233,530.456881773,10000,,1788764903.722216
,,26.091760635375977,234,532.013743564,10000,,1788764905.2807853
,,26.4455509185791,235,533.73872834,10000,,1788764906.8376372
,,26.753643035888672,236,535.302577114,10000,,1788764908.5625048
,,26.59899139404297,237,536.861383205,10000,,1788764910.126425
,,26.783790588378906,238,538.415526906,10000,,1788764911.68523
,,27.282197952270508,239,539.972240605,10000,,1788764913.2393887
,,27.264907836914062,240,541.527523675,10000,,1788764914.7961185
,,28.014020919799805,241,543.08388923,10000,,1788764916.3514054
,,27.720989227294922,242,544.638293282,10000,,1788764917.907749
,,28.317380905151367,243,546.196797812,10000,,1788764919.46218
,,27.844810485839844,244,547.752081593,10000,,1788764921.020681
,,27.971376419067383,245,549.308575046,10000,,1788764922.5759768
,,29.004392623901367,246,551.027020268,10000,,1788764924.1324685
,,28.30810546875,247,552.578753358,10000,,1788764925.8508866
,,28.688678741455078,248,554.133186454,10000,,1788764927.4026363
,,27.723459243774414,249,555.690646697,10000,,1788764928.957049
,,27.891069412231445,250,557.249584583,10000,,1788764930.5145326
,,27.85012435913086,251,558.806351773,10000,,1788764932.0734386
,,27.923215866088867,252,560.497460394,10000,,1788764933.6302094
,,28.0424861907959,253,562.051482963,10000,,1788764935.3213048
,,27.288972854614258,254,563.605728479,10000,,1788764936.8753552
,,27.55841064453125,255,565.156395076,10000,,1788764938.4296145
,,27.772279739379883,256,566.712810096,10000,,1788764939.9802814
,,27.840158462524414,257,568.267387787,10000,,1788764941.5366879
,,27.499408721923828,258,569.82012467,10000,,1788764943.0912504
,,26.899612426757812,259,571.374649521,10000,,1788764944.6440148
,,27.267297744750977,260,572.926253275,10000,,1788764946.1985273
,,26.8607177734375,261,574.483356596,10000,,1788764947.7501154
,,26.42486572265625,262,576.202936603,10000,,1788764949.3071175
,,26.236949920654297,263,577.762872017,10000,,1788764951.0268185
,,26.749975204467773,264,579.320442974,10000,,1788764952.5867596
,,27.296968460083008,265,580.876061473,10000,,1788764954.1443067
,,27.459850311279297,266,582.435053625,10000,,1788764955.6999316
,,27.470962524414062,267,583.992105432,10000,,1788764957.2589345
,,27.398263931274414,268,585.688586917,10000,,1788764958.8159976
,,27.614595413208008,269,587.243162084,10000,,1788764960.5124834
,,27.590970993041992,270,588.799002497,10000,,1788764962.0670292
,,27.857877731323242,271,590.359345297,10000,,1788764963.6228862
,,27.293777465820312,272,591.91452792,10000,,1788764965.1832256
,,26.6671142578125,273,593.470547423,10000,,1788764966.7384121
,,27.580062866210938,274,595.035294971,10000,,1788764968.2944367
,,27.41425132751465,275,596.588578806,10000,,1788764969.8590815
,,27.064023971557617,276,598.144702559,10000,,1788764971.412431
,,27.401506423950195,277,599.700610015,10000,,1788764972.9685636
,,27.215120315551758,278,601.259925032,10000,,1788764974.5244715
,,27.529584884643555,279,602.953739405,10000,,1788764976.0838044
,,27.5788631439209,280,604.508970992,10000,,1788764977.7776167
,,27.2092227935791,281,606.063222825,10000,,1788764979.3328407
,,26.968629837036133,282,607.621189297,10000,,1788764980.8871007
,,26.665910720825195,283,609.182173512,10000,,1788764982.4450822
,,26.250455856323242,284,610.863895477,10000,,1788764984.006059
,,26.194459915161133,285,612.41732246,10000,,1788764985.6877842
,,26.55567169189453,286,613.97284957,10000,,1788764987.2411988
,,26.605308532714844,287,615.52904574,10000,,1788764988.796734
,,26.968849182128906,288,617.085939778,10000,,1788764990.3529525
,,26.842884063720703,289,618.638999152,10000,,1788764991.9098186
,,26.792333602905273,290,620.193381944,10000,,1788764993.4628673
,,26.819686889648438,291,621.748174126,10000,,1788764995.0172544
,,26.97124481201172,292,623.300820289,10000,,1788764996.572066
,,27.996932983398438,293,624.856156537,10000,,1788764998.1247225
,,27.651782989501953,294,626.410590116,10000,,1788764999.6800463
,,27.573213577270508,295,628.108892869,10000,,1788765001.2344718
,,27.493999481201172,296,629.669537359,10000,,1788765002.9327662
,,27.12883758544922,297,631.229344205,10000,,1788765004.4934223
,,27.06246566772461,298,632.786511186,10000,,1788765006.053209
,,27.090660095214844,299,634.346668856,10000,,1788765007.610388
,,27.279356002807617,300,635.901217298,10000,,1788765009.170563
,,27.581497192382812,301,637.615756283,10000,,1788765010.7251
,,27.888927459716797,302,639.173081138,10000,,1788765012.4396334
,,27.82476043701172,303,640.727313342,10000,,1788765013.9969356
,,28.028215408325195,304,642.282601521,10000,,1788765015.5512183
,,28.22775650024414,305,643.83696021,10000,,1788765017.106491
,,27.6850643157959,306,645.392662026,10000,,1788765018.6608505
,,27.083444595336914,307,646.952161522,10000,,1788765020.2165995
,,27.026830673217773,308,648.505938175,10000,,1788765021.7760217
,,27.348791122436523,309,650.065909045,10000,,1788765023.3298297
,,27.771373748779297,310,651.624187231,10000,,1788765024.8897388
,,26.79245376586914,311,653.318213076,10000,,1788765026.4480813
,,26.873064041137695,312,654.878753414,10000,,1788765028.1420903
,,26.394668579101562,313,656.436484763,10000,,1788765029.7025554
,,26.197071075439453,314,657.992450314,10000,,1788765031.2603316
,,26.069347381591797,315,659.547793855,10000,,1788765032.8163338
,,25.937429428100586,316,661.101306756,10000,,1788765034.3716176
,,26.221860885620117,317,662.792919215,10000,,1788765035.9251792
,,26.16533660888672,318,664.344134403,10000,,1788765037.6168127
,,26.016258239746094,319,665.89969239,10000,,1788765039.167989
,,26.134384155273438,320,667.459212975,10000,,1788765040.7235806
,,25.864957809448242,321,669.017910662,10000,,1788765042.2830987
,,25.51748275756836,322,670.575266139,10000,,1788765043.8417943
,,25.54096031188965,323,672.132959567,10000,,1788765045.3991466
,,25.7469482421875,324,673.688489115,10000,,1788765046.9568706
,,25.653654098510742,325,675.246476261,10000,,1788765048.5123627
,,26.665000915527344,326,676.800490286,10000,,1788765050.0703547
,,26.209325790405273,327,678.349065066,10000,,1788765051.6242259
,,26.615245819091797,328,680.063638661,10000,,1788765053.1728678
,,26.05489730834961,329,681.614126821,10000,,1788765054.887439
,,26.447956085205078,330,683.161139424,10000,,1788765056.4379137
,,26.787761688232422,331,684.715106532,10000,,1788765057.984947
,,26.838970184326172,332,686.27338959,10000,,1788765059.538909
,,26.834125518798828,333,687.836391347,10000,,1788765061.0972762
,,26.389646530151367,334,689.526285902,10000,,1788765062.6602695
,,26.888200759887695,335,691.089966427,10000,,1788765064.3501244
,,26.73324203491211,336,692.659685902,10000,,1788765065.913867
,,26.862058639526367,337,694.223393649,10000,,1788765067.4835548
,,26.588722229003906,338,695.783493478,10000,,1788765069.0472138
,,27.1387996673584,339,697.346828218,10000,,1788765070.6073413
,,27.489307403564453,340,698.911883148,10000,,1788765072.1707098
,,27.402189254760742,341,700.475952691,10000,,1788765073.7357473
,,27.14641571044922,342,702.039293003,10000,,1788765075.2998357
,,28.073869705200195,343,703.602860446,10000,,1788765076.8631327
,,27.85552978515625,344,705.297236082,10000,,1788765078.4267554
,,27.884361267089844,345,706.863562834,10000,,1788765080.121083
,,27.36420249938965,346,708.426769722,10000,,1788765081.6873853
,,28.002273559570312,347,709.987014718,10000,,1788765083.2506223
,,28.01016616821289,348,711.549726189,10000,,1788765084.8109045
,,28.224193572998047,349,713.113554563,10000,,1788765086.373596
,,28.092416763305664,350,714.821046275,10000,,1788765087.9374304
,,27.954214096069336,351,716.384906697,10000,,1788765089.6448221
,,28.576948165893555,352,717.952530354,10000,,1788765091.2086837
,,28.69247055053711,353,719.51657953,10000,,1788765092.7763743
,,28.621261596679688,354,721.081441449,10000,,1788765094.3404384
,,28.948036193847656,355,722.648850369,10000,,1788765095.9053402
,,28.432111740112305,356,724.210901904,10000,,1788765097.4727263
,,28.692794799804688,357,725.774949119,10000,,1788765099.0346925
,,28.594921112060547,358,727.345730129,10000,,1788765100.598824
,,29.172849655151367,359,728.908483378,10000,,1788765102.1696126
,,28.731157302856445,360,730.472988734,10000,,1788765103.7323422
,,28.5875301361084,361,732.18653876,10000,,1788765105.296856
,,27.800443649291992,362,733.749839366,10000,,1788765107.0103981
,,27.55025863647461,363,735.312453474,10000,,1788765108.5737286
,,27.588579177856445,364,736.876558383,10000,,1788765110.1363077
,,27.367753982543945,365,738.437718169,10000,,1788765111.7004309
,,26.864891052246094,366,740.151722424,10000,,1788765113.2615721
,,26.962820053100586,367,741.712938539,10000,,1788765114.9756236
,,26.9647216796875,368,743.273914865,10000,,1788765116.5368264
,,26.692033767700195,369,744.834993201,10000,,1788765118.0977948
,,26.836097717285156,370,746.395363486,10000,,1788765119.6588943
,,26.815168380737305,371,747.957433027,10000,,1788765121.219264
,,26.4632625579834,372,749.522559951,10000,,1788765122.7813168
,,27.28644561767578,373,751.087488679,10000,,1788765124.3464537
,,27.39980697631836,374,752.649429391,10000,,1788765125.911362
,,27.418376922607422,375,754.214157102,10000,,1788765127.4732869
,,27.222829818725586,376,755.779056811,10000,,1788765129.038022
,,27.180662155151367,377,757.466115752,10000,,1788765130.602946
,,27.810930252075195,378,759.027867653,10000,,1788765132.2900012
,,27.370162963867188,379,760.597310897,10000,,1788765133.8517406
,,26.893728256225586,380,762.172381431,10000,,1788765135.421084
,,26.947195053100586,381,763.732346005,10000,,1788765136.9962468
,,26.950904846191406,382,765.295823772,10000,,1788765138.5562294
,,27.065675735473633,383,767.025527344,10000,,1788765140.1196663
,,27.113525390625,384,768.587180564,10000,,1788765141.8493664
,,27.133119583129883,385,770.148829426,10000,,1788765143.411054
,,26.827774047851562,386,771.710271141,10000,,1788765144.9727173
,,26.914655685424805,387,773.273150323,10000,,1788765146.534128
,,27.000802993774414,388,774.834060288,10000,,1788765148.0970466
,,26.899208068847656,389,776.396240822,10000,,1788765149.6579123
,,27.01355743408203,390,777.958346617,10000,,1788765151.2201037
,,26.307016372680664,391,779.522130396,10000,,1788765152.7822328
,,26.367647171020508,392,781.088574949,10000,,1788765154.3460002
,,26.195396423339844,393,782.786975142,10000,,1788765155.9124508
,,26.283456802368164,394,784.34579539,10000,,1788765157.6108487
,,26.3172607421875,395,785.909045246,10000,,1788765159.169653
,,26.029218673706055,396,787.471457829,10000,,1788765160.7329278
,,25.965913772583008,397,789.034983762,10000,,1788765162.2953582
,,25.830595016479492,398,790.59790968,10000,,1788765163.8588574
,,26.239931106567383,399,792.315409433,10000,,1788765165.4217992
4.96755979710537,1.2471028566360474,25.851856231689453,400,873.059124652,10000,0.33444026635788415,1788765246.2686567
,,26.136606216430664,401,874.626043705,10000,,1788765247.8829691
,,25.825761795043945,402,876.187389805,10000,,1788765249.4499002
,,25.90597152709961,403,877.748049305,10000,,1788765251.0111647
,,26.01645278930664,404,879.312893605,10000,,1788765252.5718987
,,26.283567428588867,405,880.876134269,10000,,1788765254.1367517
,,26.43523406982422,406,882.584534371,10000,,1788765255.7000196
,,26.355356216430664,407,884.153629669,10000,,1788765257.408367
,,26.561216354370117,408,885.721245603,10000,,1788765258.9775145
,,26.639175415039062,409,887.287794025,10000,,1788765260.5451424
,,26.343332290649414,410,888.851110461,10000,,1788765262.1116548
,,26.844444274902344,411,890.415753043,10000,,1788765263.6749747
,,26.928739547729492,412,892.11756244,10000,,1788765265.2396457
,,26.734655380249023,413,893.681021537,10000,,1788765266.941443
,,27.302377700805664,414,895.241928095,10000,,1788765268.5049014
,,26.79500961303711,415,896.808112942,10000,,1788765270.0658112
,,26.944477081298828,416,898.374848787,10000,,1788765271.6318827
,,27.066408157348633,417,899.941048891,10000,,1788765273.1987247
,,27.376880645751953,418,901.50668968,10000,,1788765274.7649126
,,27.21630096435547,419,903.084739266,10000,,1788765276.3305638
,,27.20507049560547,420,904.649577785,10000,,1788765277.9086409
,,27.174663543701172,421,906.212342405,10000,,1788765279.4734557
,,27.43108558654785,422,907.776703832,10000,,1788765281.0362213
,,28.34929847717285,423,909.525079995,10000,,1788765282.6005805
,,28.008079528808594,424,911.08847747,10000,,1788765284.348877
,,27.285507202148438,425,912.644848383,10000,,1788765285.9123464
,,27.423622131347656,426,914.20283308,10000,,1788765287.46872
,,26.499713897705078,427,915.759283687,10000,,1788765289.026727
,,26.9737491607666,428,917.446933805,10000,,1788765290.5831778
,,26.896987915039062,429,919.006498542,10000,,1788765292.270793
,,27.1385498046875,430,920.559405575,10000,,1788765293.8303335
,,27.210960388183594,431,922.112995948,10000,,1788765295.383311
,,26.770217895507812,432,923.667642309,10000,,1788765296.9368906
,,26.477712631225586,433,925.223337377,10000,,1788765298.4915376
,,26.786062240600586,434,926.784961318,10000,,1788765300.047216
,,26.004350662231445,435,928.339807999,10000,,1788765301.6087623
,,25.647930145263672,436,929.892806864,10000,,1788765303.1636739
,,25.996774673461914,437,931.446973465,10000,,1788765304.7166846
,,25.574077606201172,438,933.0009677,10000,,1788765306.2708664
,,26.126724243164062,439,934.71948542,10000,,1788765307.8248615
,,26.270009994506836,440,936.27685892,10000,,1788765309.5433602
,,26.4672908782959,441,937.833217911,10000,,1788765311.100749
,,25.887842178344727,442,939.389584185,10000,,1788765312.6570687
,,25.788251876831055,443,940.947642289,10000,,1788765314.2134604
,,26.353288650512695,444,942.504304821,10000,,1788765315.7715201
,,26.579252243041992,445,944.209921131,10000,,1788765317.3281767
,,26.565231323242188,446,945.765947231,10000,,1788765319.0337875
,,26.420734405517578,447,947.323155871,10000,,1788765320.5898466
,,26.355236053466797,448,948.87905095,10000,,1788765322.1470423
,,26.983261108398438,449,950.433620542,10000,,1788765323.7029405
,,26.83001136779785,450,951.986323301,10000,,1788765325.2575054
,,27.043163299560547,451,953.53461428,10000,,1788765326.8102167
,,26.820852279663086,452,955.084078815,10000,,1788765328.3584569
,,27.172021865844727,453,956.641819273,10000,,1788765329.9079695
,,27.148012161254883,454,958.198390085,10000,,1788765331.4656217
,,28.140518188476562,455,959.874302281,10000,,1788765333.022276
,,28.103504180908203,456,961.450650707,10000,,1788765334.6981974
,,27.88430404663086,457,963.005928016,10000,,1788765336.2745428
,,28.256811141967773,458,964.559534197,10000,,1788765337.829813
,,27.845016479492188,459,966.114761732,10000,,1788765339.383422
,,27.847841262817383,460,967.669275788,10000,,1788765340.9386163
,,27.773771286010742,461,969.361846695,10000,,1788765342.4931483
,,27.586687088012695,462,970.919606318,10000,,1788765344.1857095
,,27.955604553222656,463,972.475739006,10000,,1788765345.7434807
,,27.797447204589844,464,974.033032941,10000,,1788765347.2996283
,,27.465913772583008,465,975.591450482,10000,,1788765348.856924
,,27.288633346557617,466,977.145688577,10000,,1788765350.4153812
,,27.252674102783203,467,978.701814233,10000,,1788765351.9695518
,,27.38814926147461,468,980.261717382,10000,,1788765353.5256662
,,27.70816421508789,469,981.814631072,10000,,1788765355.085513
,,26.744958877563477,470,983.366167716,10000,,1788765356.638525
,,26.428483963012695,471,984.918985157,10000,,1788765358.190043
,,26.588302612304688,472,986.635776223,10000,,1788765359.7428691
,,26.641897201538086,473,988.19836435,10000,,1788765361.4596546
,,26.306047439575195,474,989.759347639,10000,,1788765363.0222492
,,25.963403701782227,475,991.31916916,10000,,1788765364.5832477
,,26.65374183654785,476,992.87102005,10000,,1788765366.1430454
,,26.646947860717773,477,994.56289972,10000,,1788765367.6948936
,,26.577320098876953,478,996.117683939,10000,,1788765369.3867848
,,25.98189926147461,479,997.674735864,10000,,1788765370.9415646
,,26.745351791381836,480,999.232252014,10000,,1788765372.4986174
,,27.087114334106445,481,1000.791274497,10000,,1788765374.0561247
,,26.5734920501709,482,1002.352623268,10000,,1788765375.6151516
,,26.993846893310547,483,1003.912322749,10000,,1788765377.1765192
,,26.993728637695312,484,1005.467886946,10000,,1788765378.7362125
,,27.097801208496094,485,1007.026906207,10000,,1788765380.2918134
,,27.394254684448242,486,1008.584947677,10000,,1788765381.8507855
,,26.986318588256836,487,1010.141382818,10000,,1788765383.4088378
,,26.40243911743164,488,1011.834768997,10000,,1788765384.9652643
,,26.814908981323242,489,1013.387742657,10000,,1788765386.6586308
,,27.14257049560547,490,1014.943797261,10000,,1788765388.211637
,,27.574342727661133,491,1016.503916461,10000,,1788765389.7676904
,,27.540119171142578,492,1018.065001547,10000,,1788765391.3277764
,,28.203554153442383,493,1019.625950532,10000,,1788765392.8888888
,,28.620166778564453,494,1021.321757805,10000,,1788765394.4498243
,,27.93771743774414,495,1022.879441675,10000,,1788765396.1456149
,,27.4344425201416,496,1024.439541025,10000,,1788765397.7033134
,,27.7778263092041,497,1025.994148641,10000,,1788765399.2634196
,,28.032583236694336,498,1027.555447128,10000,,1788765400.8180256
,,28.336511611938477,499,1029.110921714,10000,,1788765402.3792398
,,28.6403751373291,500,1030.663513922,10000,,1788765403.9347973
,,29.436262130737305,501,1032.219968898,10000,,1788765405.4873855
,,29.372095108032227,502,1033.77314724,10000,,1788765407.0438766
,,29.169387817382812,503,1035.330575403,10000,,1788765408.5970125
,,28.638456344604492,504,1036.888889026,10000,,1788765410.154423
,,29.108848571777344,505,1038.622551181,10000,,1788765411.7127178
,,29.099885940551758,506,1040.181356259,10000,,1788765413.4463797
,,29.334522247314453,507,1041.736990562,10000,,1788765415.0052266
,,29.068540573120117,508,1043.298253865,10000,,1788765416.5608864
,,28.709850311279297,509,1044.859698298,10000,,1788765418.1221466
,,28.907917022705078,510,1046.55314905,10000,,1788765419.6835594
,,27.870372772216797,511,1048.108794242,10000,,1788765421.3770125
,,27.455371856689453,512,1049.663077714,10000,,1788765422.9326727
,,27.2484130859375,513,1051.221412575,10000,,1788765424.4869576
,,27.408273696899414,514,1052.779030607,10000,,1788765426.0453017
,,27.44043731689453,515,1054.335713312,10000,,1788765427.6029065
,,27.427648544311523,516,1055.888200183,10000,,1788765429.1595886
,,26.778911590576172,517,1057.44254991,10000,,1788765430.7120628
,,26.820905685424805,518,1058.995650663,10000,,1788765432.2664342
,,26.153030395507812,519,1060.549714571,10000,,1788765433.819534
,,25.998685836791992,520,1062.108066204,10000,,1788765435.3736098
,,25.77056312561035,521,1063.822846447,10000,,1788765436.9319506
,,25.405223846435547,522,1065.381328069,10000,,1788765438.6466985
,,25.290935516357422,523,1066.936310336,10000,,1788765440.2051792
,,25.496784210205078,524,1068.49249868,10000,,1788765441.7601886
,,26.142148971557617,525,1070.047490798,10000,,1788765443.3163993
,,26.38152503967285,526,1071.603157108,10000,,1788765444.8713799
,,26.35750961303711,527,1073.301717388,10000,,1788765446.4270134
,,26.095346450805664,528,1074.867326046,10000,,1788765448.1255374
,,26.132518768310547,529,1076.434215422,10000,,1788765449.6911635
,,25.648975372314453,530,1077.998416645,10000,,1788765451.2579975
,,26.125926971435547,531,1079.55993546,10000,,1788765452.822283
,,26.363134384155273,532,1081.120797943,10000,,1788765454.3837688
,,26.523672103881836,533,1082.682151754,10000,,1788765455.9446766
,,26.228700637817383,534,1084.244119898,10000,,1788765457.5059974
,,26.086719512939453,535,1085.805391204,10000,,1788765459.0680015
,,25.892227172851562,536,1087.370396069,10000,,1788765460.6292458
,,26.429250717163086,537,1089.083120657,10000,,1788765462.1942828
,,25.871450424194336,538,1090.645352604,10000,,1788765463.9069395
,,26.4272518157959,539,1092.205507419,10000,,1788765465.4692168
,,26.90140151977539,540,1093.766890623,10000,,1788765467.0294127
,,27.086753845214844,541,1095.330819785,10000,,1788765468.590738
,,26.852294921875,542,1096.891641126,10000,,1788765470.1547008
,,26.560752868652344,543,1098.629108264,10000,,1788765471.715481
,,26.619539260864258,544,1100.193782711,10000,,1788765473.4529057
,,26.046405792236328,545,1101.757681383,10000,,1788765475.0176466
,,26.22496795654297,546,1103.319714993,10000,,1788765476.5815125
,,26.074134826660156,547,1104.877952102,10000,,1788765478.143608
,,26.292802810668945,548,1106.434306534,10000,,1788765479.7018452
,,27.31841278076172,549,1107.992733453,10000,,1788765481.2580962
,,26.666393280029297,550,1109.550474292,10000,,1788765482.8165994
,,27.058940887451172,551,1111.108628268,10000,,1788765484.3743675
,,27.587135314941406,552,1112.662574194,10000,,1788765485.932491
,,27.474897384643555,553,1114.217708481,10000,,1788765487.4864588
,,27.50720977783203,554,1115.89799048,10000,,1788765489.0416024
,,27.86688804626465,555,1117.450998199,10000,,1788765490.721858
,,27.818613052368164,556,1119.008662994,10000,,1788765492.2748728
,,27.38686752319336,557,1120.566090854,10000,,1788765493.8325558
,,27.420392990112305,558,1122.116910601,10000,,1788765495.389972
,,27.92475128173828,559,1123.830284307,10000,,1788765496.9408236
,,27.296987533569336,560,1125.385056375,10000,,1788765498.6541686
,,27.642396926879883,561,1126.943744826,10000,,1788765500.2089076
,,27.42413902282715,562,1128.498448112,10000,,1788765501.767601
,,28.041484832763672,563,1130.057201163,10000,,1788765503.3223188
,,27.801000595092773,564,1131.609717833,10000,,1788765504.881072
,,28.30426025390625,565,1133.16284856,10000,,1788765506.4336324
,,28.412763595581055,566,1134.717671669,10000,,1788765507.986736
,,28.26629066467285,567,1136.278760562,10000,,1788765509.541541
,,27.760656356811523,568,1137.839703874,10000,,1788765511.1025383
,,27.514598846435547,569,1139.399387422,10000,,1788765512.6635644
,,27.000316619873047,570,1141.101680147,10000,,1788765514.2232478
,,27.20012855529785,571,1142.664134195,10000,,1788765515.9255705
,,26.848709106445312,572,1144.22315087,10000,,1788765517.4879746
,,27.252887725830078,573,1145.787893179,10000,,1788765519.0470247
,,26.986839294433594,574,1147.347361847,10000,,1788765520.6117527
,,27.25347328186035,575,1148.908410388,10000,,1788765522.1712492
,,27.4034423828125,576,1150.600278655,10000,,1788765523.7322958
,,27.223960876464844,577,1152.157037171,10000,,1788765525.4241369
,,27.85283851623535,578,1153.715017395,10000,,1788765526.9809277
,,27.823328018188477,579,1155.272235811,10000,,1788765528.5389218
,,27.643831253051758,580,1156.829115226,10000,,1788765530.0960746
,,27.9288272857666,581,1158.390587138,10000,,1788765531.6529868
,,28.307605743408203,582,1159.950745703,10000,,1788765533.2143664
,,27.762575149536133,583,1161.510467499,10000,,1788765534.774633
,,27.924663543701172,584,1163.070223062,10000,,1788765536.3343396
,,27.80206871032715,585,1164.631251132,10000,,1788765537.8941033
,,28.1212100982666,586,1166.188382801,10000,,1788765539.4551494
,,28.21044921875,587,1167.912347777,10000,,1788765541.0122757
,,28.747133255004883,588,1169.469423062,10000,,1788765542.7362258
,,29.03677749633789,589,1171.02364736,10000,,1788765544.2933002
,,29.652090072631836,590,1172.577260793,10000,,1788765545.8475275
,,29.344480514526367,591,1174.12928195,10000,,1788765547.4011474
,,29.79721450805664,592,1175.805309151,10000,,1788765548.9531739
,,29.238222122192383,593,1177.359717094,10000,,1788765550.6291952
,,28.629308700561523,594,1178.91276017,10000,,1788765552.183586
,,29.007431030273438,595,1180.461860742,10000,,1788765553.736622
,,28.13433265686035,596,1182.012481138,10000,,1788765555.2857475
,,28.216764450073242,597,1183.561346021,10000,,1788765556.836389
,,28.785533905029297,598,1185.112954964,10000,,1788765558.3852377
,,28.919445037841797,599,1186.665137545,10000,,1788765559.936799
5.104356312444347,1.161391019821167,27.940832138061523,600,1267.314143292,10000,0.2669914500271845,1788765640.5313437
,,27.50833511352539,601,1268.875402868,10000,,1788765642.137992
,,27.0057430267334,602,1270.437713787,10000,,1788765643.6992722
,,26.958749771118164,603,1271.998661506,10000,,1788765645.2615974
,,27.065542221069336,604,1273.556710604,10000,,1788765646.822537
,,27.320676803588867,605,1275.234428051,10000,,1788765648.3806007
,,27.600082397460938,606,1276.789017411,10000,,1788765650.058274
,,27.488943099975586,607,1278.344537516,10000,,1788765651.6128407
,,26.786745071411133,608,1279.895007525,10000,,1788765653.1683946
,,27.348983764648438,609,1281.447714729,10000,,1788765654.7189066
,,27.184316635131836,610,1282.997828494,10000,,1788765656.2715855
,,27.382301330566406,611,1284.548616073,10000,,1788765657.821696
,,27.332725524902344,612,1286.098436955,10000,,1788765659.3724318
,,27.209016799926758,613,1287.648170411,10000,,1788765660.922304
,,28.149677276611328,614,1289.202641638,10000,,1788765662.4720485
,,27.9144344329834,615,1290.760074533,10000,,1788765664.02654
,,28.176612854003906,616,1292.45968333,10000,,1788765665.583969
,,27.96651840209961,617,1294.015272614,10000,,1788765667.2835507
,,27.774734497070312,618,1295.56658372,10000,,1788765668.8391483
,,27.33767318725586,619,1297.118782169,10000,,1788765670.3904629
,,27.786277770996094,620,1298.67480972,10000,,1788765671.9426575
,,28.204301834106445,621,1300.232772868,10000,,1788765673.4986732
,,28.01114273071289,622,1301.924855269,10000,,1788765675.056655
,,28.209426879882812,623,1303.481780139,10000,,1788765676.74875
,,28.146711349487305,624,1305.039927379,10000,,1788765678.3056614
,,27.378807067871094,625,1306.599679643,10000,,1788765679.8637679
,,27.443777084350586,626,1308.154708757,10000,,1788765681.4235086
,,27.957616806030273,627,1309.706619747,10000,,1788765682.978593
,,27.61642074584961,628,1311.25929054,10000,,1788765684.5304885
,,27.480024337768555,629,1312.811834844,10000,,1788765686.0831826
,,27.13693618774414,630,1314.364746391,10000,,1788765687.6357234
,,27.12343978881836,631,1315.91710535,10000,,1788765689.188625
,,27.306297302246094,632,1317.632756174,10000,,1788765690.7409883
,,27.333627700805664,633,1319.188542667,10000,,1788765692.4565878
,,26.796913146972656,634,1320.744545534,10000,,1788765694.0123842
,,26.352834701538086,635,1322.299670693,10000,,1788765695.5684516
,,27.04543685913086,636,1323.855425277,10000,,1788765697.1235416
,,26.4097900390625,637,1325.412456839,10000,,1788765698.6792972
,,26.759296417236328,638,1327.121983726,10000,,1788765700.2363307
,,26.225976943969727,639,1328.681915817,10000,,1788765701.9458559
,,26.211196899414062,640,1330.241071931,10000,,1788765703.5058239
,,26.150634765625,641,1331.793750263,10000,,1788765705.0649753
,,26.882911682128906,642,1333.34827017,10000,,1788765706.6175795
,,26.2650203704834,643,1334.893897137,10000,,1788765708.1721516
,,27.454605102539062,644,1336.443854897,10000,,1788765709.7177658
,,27.261980056762695,645,1337.993850816,10000,,1788765711.267744
,,27.530344009399414,646,1339.549677118,10000,,1788765712.8177114
,,27.192567825317383,647,1341.1045045,10000,,1788765714.3735554
,,27.371835708618164,648,1342.658631567,10000,,1788765715.9283614
,,27.693923950195312,649,1344.346379343,10000,,1788765717.482509
,,27.627490997314453,650,1345.90332799,10000,,1788765719.1702576
,,26.968050003051758,651,1347.465315621,10000,,1788765720.7272158
,,27.547277450561523,652,1349.03026337,10000,,1788765722.289168
,,27.167325973510742,653,1350.591153295,10000,,1788765723.8541307
,,27.495561599731445,654,1352.328254301,10000,,1788765725.415065
,,27.614704132080078,655,1353.901248977,10000,,1788765727.1520667
,,27.384021759033203,656,1355.467038338,10000,,1788765728.725128
,,27.363691329956055,657,1357.022704329,10000,,1788765730.2909293
,,26.821718215942383,658,1358.57925757,10000,,1788765731.8465843
,,27.595012664794922,659,1360.134533995,10000,,1788765733.4031277
,,27.706531524658203,660,1361.689236201,10000,,1788765734.9584231
,,27.893579483032227,661,1363.244008107,10000,,1788765736.5131214
,,27.317190170288086,662,1364.796864252,10000,,1788765738.0678806
,,27.224388122558594,663,1366.354724894,10000,,1788765739.620733
,,27.37909698486328,664,1367.908891368,10000,,1788765741.1785073
,,27.558088302612305,665,1369.626345804,10000,,1788765742.7327588
,,27.53289794921875,666,1371.181237096,10000,,1788765744.4502032
,,27.155803680419922,667,1372.737883357,10000,,1788765746.0051057
,,27.161767959594727,668,1374.295902895,10000,,1788765747.5617719
,,27.22907257080078,669,1375.849179774,10000,,1788765749.119802
,,27.251218795776367,670,1377.405243819,10000,,1788765750.673058
,,26.68143081665039,671,1379.094426042,10000,,1788765752.229106
,,26.717178344726562,672,1380.654680189,10000,,1788765753.9182935
,,26.8271484375,673,1382.208946576,10000,,1788765755.4785554
,,26.5336856842041,674,1383.766709243,10000,,1788765757.0328171
,,26.604692459106445,675,1385.326293206,10000,,1788765758.5906177
,,27.145893096923828,676,1386.88243338,10000,,1788765760.1501787
,,26.87084197998047,677,1388.434716862,10000,,1788765761.7062802
,,27.627534866333008,678,1389.985784969,10000,,1788765763.2585928
,,27.320280075073242,679,1391.545256046,10000,,1788765764.8096654
,,27.105424880981445,680,1393.098132107,10000,,1788765766.3691363
,,27.514707565307617,681,1394.788999858,10000,,1788765767.9219944
,,27.634681701660156,682,1396.346543157,10000,,1788765769.6128669
,,27.368663787841797,683,1397.905230025,10000,,1788765771.1704202
,,27.152143478393555,684,1399.459133032,10000,,1788765772.7290864
,,27.280174255371094,685,1401.014365732,10000,,1788765774.2830102
,,27.212263107299805,686,1402.567420369,10000,,1788765775.8382478
,,26.680126190185547,687,1404.259812842,10000,,1788765777.3913023
,,26.888809204101562,688,1405.817651183,10000,,1788765779.0836384
,,27.151874542236328,689,1407.374271787,10000,,1788765780.6415365
,,26.816110610961914,690,1408.92876615,10000,,1788765782.1981516
,,27.223142623901367,691,1410.481780763,10000,,1788765783.7526448
,,27.19375228881836,692,1412.039332237,10000,,1788765785.305615
,,27.288293838500977,693,1413.598705124,10000,,1788765786.8632042
,,26.967317581176758,694,1415.156508345,10000,,1788765788.4224474
,,26.89339828491211,695,1416.717084775,10000,,1788765789.9803722
,,26.768678665161133,696,1418.281948319,10000,,1788765791.5409508
,,26.459230422973633,697,1419.83727708,10000,,1788765793.1058164
,,26.363988876342773,698,1421.546292766,10000,,1788765794.6611414
,,26.68010902404785,699,1423.10104314,10000,,1788765796.370168
,,26.647663116455078,700,1424.654364428,10000,,1788765797.924924
,,26.52324676513672,701,1426.207124565,10000,,1788765799.4782503
,,26.361614227294922,702,1427.759608326,10000,,1788765801.0309966
,,26.92180633544922,703,1429.315241224,10000,,1788765802.5834782
,,26.975915908813477,704,1430.992646449,10000,,1788765804.1391413
,,26.772565841674805,705,1432.550677112,10000,,1788765805.816536
,,26.868371963500977,706,1434.10124181,10000,,1788765807.3745778
,,27.006235122680664,707,1435.653334892,10000,,1788765808.925139
,,26.705400466918945,708,1437.199955995,10000,,1788765810.4772437
,,26.7074031829834,709,1438.770303366,10000,,1788765812.0238948
,,27.053367614746094,710,1440.324895079,10000,,1788765813.5940711
,,26.822593688964844,711,1441.880866618,10000,,1788765815.1487288
,,26.73456573486328,712,1443.432885394,10000,,1788765816.7047641
,,26.936208724975586,713,1444.992474226,10000,,1788765818.2567527
,,26.971891403198242,714,1446.71854011,10000,,1788765819.8163567
,,27.19310760498047,715,1448.27645281,10000,,1788765821.542443
,,27.266077041625977,716,1449.835817637,10000,,1788765823.1003513
,,27.72856903076172,717,1451.395007161,10000,,1788765824.6596518
,,27.412565231323242,718,1452.952819218,10000,,1788765826.2188764
,,27.521953582763672,719,1454.513988541,10000,,1788765827.776703
,,28.11914825439453,720,1456.208571447,10000,,1788765829.3378882
,,27.378660202026367,721,1457.766063608,10000,,1788765831.0324416
,,27.065959930419922,722,1459.319872172,10000,,1788765832.5898995
,,26.94034194946289,723,1460.87973689,10000,,1788765834.1437335
,,26.62466812133789,724,1462.436601451,10000,,1788765835.703619
,,26.62653350830078,725,1463.989914078,10000,,1788765837.2604864
,,26.617124557495117,726,1465.543721675,10000,,1788765838.8138132
,,26.240278244018555,727,1467.103427603,10000,,1788765840.367559
,,26.68329620361328,728,1468.662497968,10000,,1788765841.9273171
,,25.900466918945312,729,1470.21873926,10000,,1788765843.48637
,,26.0001220703125,730,1471.779689258,10000,,1788765845.0425947
,,26.382286071777344,731,1473.46971836,10000,,1788765846.603559
,,26.15105438232422,732,1475.03416501,10000,,1788765848.293572
,,26.165430068969727,733,1476.598435609,10000,,1788765849.8580506
,,25.789878845214844,734,1478.165974372,10000,,1788765851.4223478
,,25.771324157714844,735,1479.730288652,10000,,1788765852.9898674
,,25.90609359741211,736,1481.437669745,10000,,1788765854.5541863
,,26.262039184570312,737,1483.005634515,10000,,1788765856.2615578
,,25.55758285522461,738,1484.572566135,10000,,1788765857.8295436
,,25.844308853149414,739,1486.144923967,10000,,1788765859.3964493
,,26.308216094970703,740,1487.708268092,10000,,1788765860.9687443
,,26.15677261352539,741,1489.267194452,10000,,1788765862.5321505
,,26.823209762573242,742,1490.820056929,10000,,1788765864.0910065
,,26.29631805419922,743,1492.377014743,10000,,1788765865.6439385
,,26.326248168945312,744,1493.936099961,10000,,1788765867.2008975
,,27.245887756347656,745,1495.49432771,10000,,1788765868.7599936
,,27.17009735107422,746,1497.051475691,10000,,1788765870.3182228
,,27.171775817871094,747,1498.766193155,10000,,1788765871.8753486
,,27.1848201751709,748,1500.324637345,10000,,1788765873.589995
,,28.169313430786133,749,1501.882261194,10000,,1788765875.1484826
,,27.685815811157227,750,1503.43537326,10000,,1788765876.7061417
,,27.471921920776367,751,1504.990955108,10000,,1788765878.2592404
,,27.632532119750977,752,1506.547221829,10000,,1788765879.8147967
,,27.60088348388672,753,1508.227395283,10000,,1788765881.3710701
,,27.743816375732422,754,1509.782418003,10000,,1788765883.051275
,,27.693193435668945,755,1511.332620784,10000,,1788765884.606312
,,27.341001510620117,756,1512.885387515,10000,,1788765886.1565354
,,27.562484741210938,757,1514.438102848,10000,,1788765887.709299
,,27.4726619720459,758,1515.993286137,10000,,1788765889.2619476
,,27.32843017578125,759,1517.550293274,10000,,1788765890.817164
,,27.144615173339844,760,1519.10666071,10000,,1788765892.3741755
,,26.747425079345703,761,1520.658455933,10000,,1788765893.9305081
,,27.212535858154297,762,1522.210100934,10000,,1788765895.4823294
,,27.728445053100586,763,1523.90700789,10000,,1788765897.0339766
,,27.33770179748535,764,1525.464414327,10000,,1788765898.7309
,,27.668672561645508,765,1527.020417955,10000,,1788765900.2883077
,,27.566896438598633,766,1528.578343143,10000,,1788765901.8443131
,,27.493263244628906,767,1530.132602153,10000,,1788765903.4022374
,,27.037364959716797,768,1531.687959689,10000,,1788765904.9564548
,,26.598770141601562,769,1533.427968459,10000,,1788765906.5118601
,,27.018352508544922,770,1534.985014451,10000,,1788765908.2518141
,,27.091840744018555,771,1536.541526678,10000,,1788765909.8088825
,,27.06403350830078,772,1538.097596657,10000,,1788765911.3654225
,,27.85187339782715,773,1539.649776289,10000,,1788765912.9214723
,,27.475902557373047,774,1541.200738345,10000,,1788765914.4736776
,,28.21612548828125,775,1542.752916678,10000,,1788765916.0246348
,,27.694931030273438,776,1544.304690173,10000,,1788765917.5768318
,,27.612228393554688,777,1545.857120769,10000,,1788765919.1285691
,,27.405229568481445,778,1547.406587863,10000,,1788765920.68099
,,27.23047637939453,779,1548.958341302,10000,,1788765922.2304773
,,27.631643295288086,780,1550.664326902,10000,,1788765923.782238
,,27.664104461669922,781,1552.220361582,10000,,1788765925.4880748
,,27.456863403320312,782,1553.773931855,10000,,1788765927.0442336
,,27.458383560180664,783,1555.330910046,10000,,1788765928.5978181
,,26.413963317871094,784,1556.886595697,10000,,1788765930.1547306
,,26.70174789428711,785,1558.583928784,10000,,1788765931.7104828
,,27.347427368164062,786,1560.144865474,10000,,1788765933.4078443
,,27.51547622680664,787,1561.701680277,10000,,1788765934.9686992
,,27.7520809173584,788,1563.256880588,10000,,1788765936.525571
,,27.60003089904785,789,1564.81360214,10000,,1788765938.0807614
,,27.466720581054688,790,1566.371767477,10000,,1788765939.6374826
,,27.077299118041992,791,1567.930031743,10000,,1788765941.1956656
,,26.927165985107422,792,1569.498768989,10000,,1788765942.7539062
,,26.553693771362305,793,1571.054834163,10000,,1788765944.3224168
,,26.507741928100586,794,1572.610835908,10000,,1788765945.8787336
,,26.295591354370117,795,1574.164909628,10000,,1788765947.4347334
,,26.754854202270508,796,1575.921057753,10000,,1788765948.9888213
,,26.342519760131836,797,1577.480472454,10000,,1788765950.7449908
,,26.70003890991211,798,1579.036391726,10000,,1788765952.3043506
,,26.626482009887695,799,1580.597050189,10000,,1788765953.8602314
5.159663413059726,1.2167471647262573,26.308349609375,800,1661.243815511,10000,0.2947079136928379,1788766034.4534216
,,26.478574752807617,801,1663.002440616,10000,,1788766036.067661
,,26.21576499938965,802,1664.563414752,10000,,1788766037.8263097
,,26.37421226501465,803,1666.127536999,10000,,1788766039.3872721
,,26.517831802368164,804,1667.6870529,10000,,1788766040.951425
,,26.2078800201416,805,1669.24695846,10000,,1788766042.5109143
,,25.991174697875977,806,1670.802058347,10000,,1788766044.0708432
,,25.67121124267578,807,1672.360382548,10000,,1788766045.6259196
,,25.557876586914062,808,1673.917698496,10000,,1788766047.1842358
,,25.955459594726562,809,1675.475147701,10000,,1788766048.74158
,,26.342880249023438,810,1677.033483884,10000,,1788766050.2990313
,,26.759929656982422,811,1678.593976167,10000,,1788766051.857363
,,26.615581512451172,812,1680.288671723,10000,,1788766053.4177644
,,26.310375213623047,813,1681.85022421,10000,,1788766055.1125264
,,26.211503982543945,814,1683.411544096,10000,,1788766056.6740985
,,26.24181365966797,815,1684.971642999,10000,,1788766058.2353342
,,26.026382446289062,816,1686.529655856,10000,,1788766059.7954633
,,26.190980911254883,817,1688.232225476,10000,,1788766061.3534627
,,25.937742233276367,818,1689.798468255,10000,,1788766063.056025
,,25.813770294189453,819,1691.361396969,10000,,1788766064.6222925
,,26.293106079101562,820,1692.926420458,10000,,1788766066.1851203
,,26.417247772216797,821,1694.487388167,10000,,1788766067.750246
,,26.355449676513672,822,1696.047806566,10000,,1788766069.311211
,,26.679826736450195,823,1697.605428548,10000,,1788766070.8716006
,,26.2681827545166,824,1699.161490115,10000,,1788766072.4292402
,,26.326791763305664,825,1700.722483695,10000,,1788766073.985238
,,26.52444076538086,826,1702.279362079,10000,,1788766075.5462563
,,26.846410751342773,827,1703.845916678,10000,,1788766077.1032176
,,26.893028259277344,828,1705.563600778,10000,,1788766078.6698265
,,26.618667602539062,829,1707.124901475,10000,,1788766080.3874543
,,26.378389358520508,830,1708.682942557,10000,,1788766081.9487605
,,26.453079223632812,831,1710.23994426,10000,,1788766083.5068452
,,26.71332359313965,832,1711.798100962,10000,,1788766085.063842
,,26.648700714111328,833,1713.354312002,10000,,1788766086.6219523
,,26.78649139404297,834,1715.043389023,10000,,1788766088.1781867
,,27.052621841430664,835,1716.596874899,10000,,1788766089.867292
,,26.771879196166992,836,1718.154526561,10000,,1788766091.4207594
,,26.946744918823242,837,1719.709724198,10000,,1788766092.9783986
,,27.0413818359375,838,1721.267563697,10000,,1788766094.5336173
,,26.956256866455078,839,1722.824311796,10000,,1788766096.0914547
,,26.856731414794922,840,1724.381207157,10000,,1788766097.6482005
,,26.87636947631836,841,1725.934840604,10000,,1788766099.205077
,,26.924461364746094,842,1727.494988451,10000,,1788766100.7587557
,,26.981348037719727,843,1729.053706018,10000,,1788766102.3188612
,,27.112926483154297,844,1730.778103848,10000,,1788766103.877599
,,26.964616775512695,845,1732.33700113,10000,,1788766105.6019368
,,26.457477569580078,846,1733.893627271,10000,,1788766107.16087
,,26.902498245239258,847,1735.456309461,10000,,1788766108.7175016
,,26.975622177124023,848,1737.012958592,10000,,1788766110.2802014
,,26.861949920654297,849,1738.57134474,10000,,1788766111.8368435
,,27.223398208618164,850,1740.262251024,10000,,1788766113.3952343
,,27.04836654663086,851,1741.826225898,10000,,1788766115.0861344
,,26.982440948486328,852,1743.387546157,10000,,1788766116.6500175
,,26.856428146362305,853,1744.946213799,10000,,1788766118.2114332
,,26.755617141723633,854,1746.501196987,10000,,1788766119.7701027
,,26.585966110229492,855,1748.05814815,10000,,1788766121.3250864
,,27.072534561157227,856,1749.615845143,10000,,1788766122.8820453
,,26.315536499023438,857,1751.171543204,10000,,1788766124.4397347
,,25.876937866210938,858,1752.727312042,10000,,1788766125.9954426
,,25.990478515625,859,1754.282928579,10000,,1788766127.5512116
,,26.22378921508789,860,1755.838854333,10000,,1788766129.1068146
,,26.149673461914062,861,1757.563789699,10000,,1788766130.6627614
,,26.345109939575195,862,1759.12100364,10000,,1788766132.387642
,,25.916278839111328,863,1760.67533561,10000,,1788766133.9448667
,,26.366060256958008,864,1762.240308377,10000,,1788766135.4992092
,,26.191307067871094,865,1763.800220884,10000,,1788766137.0641177
,,26.340890884399414,866,1765.501767585,10000,,1788766138.6240253
,,26.564661026000977,867,1767.06745593,10000,,1788766140.3255978
,,26.275794982910156,868,1768.631763049,10000,,1788766141.8912573
,,26.616628646850586,869,1770.196458039,10000,,1788766143.4555488
,,26.64975357055664,870,1771.762677197,10000,,1788766145.020271
,,26.67117691040039,871,1773.329719637,10000,,1788766146.5865595
,,26.970165252685547,872,1774.891921772,10000,,1788766148.1536047
,,26.983964920043945,873,1776.452404772,10000,,1788766149.715813
,,26.56061363220215,874,1778.007166111,10000,,1788766151.2762794
,,26.774328231811523,875,1779.566895219,10000,,1788766152.8310504
,,26.435657501220703,876,1781.12583206,10000,,1788766154.3907967
,,26.762065887451172,877,1782.820326547,10000,,1788766155.949725
,,26.707181930541992,878,1784.380128454,10000,,1788766157.6442115
,,26.552270889282227,879,1785.936671334,10000,,1788766159.2040348
,,27.145761489868164,880,1787.492832196,10000,,1788766160.7605767
,,27.224702835083008,881,1789.056839827,10000,,1788766162.316703
,,26.585556030273438,882,1790.616435389,10000,,1788766163.880633
,,27.183940887451172,883,1792.340985071,10000,,1788766165.4403174
,,27.116655349731445,884,1793.899183822,10000,,1788766167.164826
,,27.257131576538086,885,1795.454084155,10000,,1788766168.7230752
,,27.51013946533203,886,1797.007940354,10000,,1788766170.2779725
,,27.30200958251953,887,1798.562129147,10000,,1788766171.8318446
,,26.89594078063965,888,1800.119126262,10000,,1788766173.3860078
,,27.052257537841797,889,1801.677408701,10000,,1788766174.9429345
,,27.43305206298828,890,1803.2371622,10000,,1788766176.5012875
,,27.747148513793945,891,1804.798578542,10000,,1788766178.0609505
,,27.587726593017578,892,1806.357770937,10000,,1788766179.6224687
,,28.108896255493164,893,1807.91822505,10000,,1788766181.1816802
,,28.1683292388916,894,1809.630853555,10000,,1788766182.7421296
,,28.38846206665039,895,1811.184925849,10000,,1788766184.4547276
,,27.848159790039062,896,1812.738220417,10000,,1788766186.0088024
,,28.558515548706055,897,1814.291257658,10000,,1788766187.5620828
,,27.918807983398438,898,1815.851239717,10000,,1788766189.115107
,,28.641298294067383,899,1817.559943006,10000,,1788766190.67513
,,27.893531799316406,900,1819.116508129,10000,,1788766192.3838103
,,28.349105834960938,901,1820.669371179,10000,,1788766193.9403403
,,27.361894607543945,902,1822.220291098,10000,,1788766195.493233
,,27.948423385620117,903,1823.774427086,10000,,1788766197.0441635
,,27.37247085571289,904,1825.326580922,10000,,1788766198.5983102
,,27.575334548950195,905,1826.880968816,10000,,1788766200.1504855
,,27.30107879638672,906,1828.433999803,10000,,1788766201.704867
,,27.232345581054688,907,1829.987979447,10000,,1788766203.2578883
,,27.669897079467773,908,1831.539733002,10000,,1788766204.8118799
,,26.703088760375977,909,1833.089763855,10000,,1788766206.3636243
,,26.614967346191406,910,1834.811264926,10000,,1788766207.9136436
,,26.524877548217773,911,1836.372658579,10000,,1788766209.6351018
,,26.784170150756836,912,1837.929921771,10000,,1788766211.196514
,,27.002853393554688,913,1839.484726355,10000,,1788766212.753813
,,26.88593101501465,914,1841.03808879,10000,,1788766214.3086302
,,26.408998489379883,915,1842.591641346,10000,,1788766215.8620014
,,26.737834930419922,916,1844.281350317,10000,,1788766217.4155338
,,26.832731246948242,917,1845.836047835,10000,,1788766219.1052148
,,26.84585952758789,918,1847.390274473,10000,,1788766220.6599658
,,26.86315155029297,919,1848.947601228,10000,,1788766222.2141485
,,27.160755157470703,920,1850.503054472,10000,,1788766223.7713907
,,26.845651626586914,921,1852.05647055,10000,,1788766225.3269372
,,27.219961166381836,922,1853.610345773,10000,,1788766226.88037
,,26.6506404876709,923,1855.16240426,10000,,1788766228.4342196
,,26.92251205444336,924,1856.718149219,10000,,1788766229.9862783
,,26.909648895263672,925,1858.274409696,10000,,1788766231.5420358
,,27.423133850097656,926,1859.994404027,10000,,1788766233.0983016
,,28.025146484375,927,1861.550845911,10000,,1788766234.8182936
,,27.43621063232422,928,1863.101639335,10000,,1788766236.3747437
,,27.99325180053711,929,1864.650860324,10000,,1788766237.925528
,,28.07036590576172,930,1866.203375353,10000,,1788766239.4747562
,,27.376014709472656,931,1867.757377039,10000,,1788766241.027265
,,27.860403060913086,932,1869.43622867,10000,,1788766242.5812724
,,28.032121658325195,933,1870.987512112,10000,,1788766244.2600985
,,27.968191146850586,934,1872.540942119,10000,,1788766245.8113995
,,28.077404022216797,935,1874.093385898,10000,,1788766247.3648384
,,27.563087463378906,936,1875.647668599,10000,,1788766248.917192
,,27.4846248626709,937,1877.198561776,10000,,1788766250.4715567
,,27.776418685913086,938,1878.753588913,10000,,1788766252.0224366
,,27.234643936157227,939,1880.30714565,10000,,1788766253.5774508
,,27.6715087890625,940,1881.860796417,10000,,1788766255.1310241
,,27.405075073242188,941,1883.410902931,10000,,1788766256.6846979
,,27.43060302734375,942,1884.96346248,10000,,1788766258.234805
,,28.32745933532715,943,1886.649767521,10000,,1788766259.7873604
,,27.964031219482422,944,1888.199745475,10000,,1788766261.4736137
,,27.711030960083008,945,1889.755031595,10000,,1788766263.0236208
,,27.331846237182617,946,1891.309896542,10000,,1788766264.578926
,,27.269786834716797,947,1892.864361177,10000,,1788766266.1337898
,,27.228517532348633,948,1894.567280138,10000,,1788766267.6882455
,,27.058788299560547,949,1896.122102091,10000,,1788766269.3911698
,,27.593656539916992,950,1897.675923092,10000,,1788766270.945984
,,27.349658966064453,951,1899.22676533,10000,,1788766272.4997892
,,27.322185516357422,952,1900.778544287,10000,,1788766274.0506597
,,27.313793182373047,953,1902.332657356,10000,,1788766275.6024187
,,28.33224105834961,954,1903.888083722,10000,,1788766277.1564705
,,27.673871994018555,955,1905.444566126,10000,,1788766278.7119188
,,27.52490234375,956,1906.998078425,10000,,1788766280.2684598
,,27.64788818359375,957,1908.555372604,10000,,1788766281.8219624
,,28.114585876464844,958,1910.103916572,10000,,1788766283.3791788
,,27.75934410095215,959,1911.806765921,10000,,1788766284.92783
,,27.47228240966797,960,1913.356949633,10000,,1788766286.6306374
,,27.712623596191406,961,1914.933131676,10000,,1788766288.1808534
,,28.114646911621094,962,1916.494392517,10000,,1788766289.7570086
,,27.520959854125977,963,1918.061152941,10000,,1788766291.3182933
,,27.43695831298828,964,1919.621982989,10000,,1788766292.8850048
,,27.608057022094727,965,1921.346847345,10000,,1788766294.445767
,,28.3421630859375,966,1922.909312337,10000,,1788766296.1707306
,,27.849145889282227,967,1924.465574338,10000,,1788766297.733188
,,27.847497940063477,968,1926.025186471,10000,,1788766299.2894533
,,27.88314437866211,969,1927.585288733,10000,,1788766300.8490803
,,28.007375717163086,970,1929.14514873,10000,,1788766302.4091837
,,26.929826736450195,971,1930.705922173,10000,,1788766303.9690034
,,27.297277450561523,972,1932.265479854,10000,,1788766305.5298126
,,26.842363357543945,973,1933.822533864,10000,,1788766307.089372
,,27.062232971191406,974,1935.378007973,10000,,1788766308.646423
,,27.48946762084961,975,1936.935198639,10000,,1788766310.2018883
,,27.575708389282227,976,1938.631975168,10000,,1788766311.7590945
,,28.472402572631836,977,1940.184178745,10000,,1788766313.4558218
,,28.44548797607422,978,1941.744283462,10000,,1788766315.0080538
,,27.895540237426758,979,1943.30379622,10000,,1788766316.5681872
,,28.390531539916992,980,1944.863006631,10000,,1788766318.1276865
,,28.56487464904785,981,1946.557311962,10000,,1788766319.6868901
,,27.60146713256836,982,1948.12005683,10000,,1788766321.3811245
,,27.948862075805664,983,1949.68465339,10000,,1788766322.943931
,,28.20525550842285,984,1951.249135474,10000,,1788766324.5084622
,,27.97624969482422,985,1952.812018894,10000,,1788766326.0729363
,,27.878454208374023,986,1954.376112535,10000,,1788766327.6358302
,,27.95763397216797,987,1955.942201401,10000,,1788766329.1998603
,,27.997758865356445,988,1957.505593968,10000,,1788766330.7658973
,,27.940553665161133,989,1959.064852051,10000,,1788766332.3293881
,,27.809040069580078,990,1960.625749717,10000,,1788766333.888655
,,27.897356033325195,991,1962.18320944,10000,,1788766335.4495306
,,27.806188583374023,992,1963.909033182,10000,,1788766337.0070338
,,27.59943389892578,993,1965.469768773,10000,,1788766338.7328463
,,27.51575469970703,994,1967.029965182,10000,,1788766340.2935913
,,27.46169662475586,995,1968.591085733,10000,,1788766341.8537612
,,27.553693771362305,996,1970.153968886,10000,,1788766343.414828
,,26.976621627807617,997,1971.71084203,10000,,1788766344.9777808
,,26.941587448120117,998,1973.406972356,10000,,1788766346.534642
,,26.717937469482422,999,1973.408643921,10000,,1788766348.230774
